name,price,stock,sku,category,track,description,status,image_url
POINTER PEN,,0,6900202500015,أدوات الكتابة,yes,POINTER PEN — Pens & Markers.,draft,
CALLIGRAPHY PEN,,0,20851576,أدوات الكتابة,yes,CALLIGRAPHY PEN — Pens & Markers.,draft,
FABRIC PENTEL,,0,3474370210012,أدوات الكتابة,yes,FABRIC PENTEL — Pens & Markers.,draft,
CD PEN,,0,3474370210029,أدوات الكتابة,yes,CD PEN — Pens & Markers.,draft,
PEN,,0,4260720412569,أدوات الكتابة,yes,PEN — Pens & Markers.,draft,
FLAMINGO PEN,,0,4260720413764,أدوات الكتابة,yes,FLAMINGO PEN — Pens & Markers.,draft,
FLAMINGO PEN,,0,4260720413771,أدوات الكتابة,yes,FLAMINGO PEN — Pens & Markers.,draft,
PEN,,0,4902505375859,أدوات الكتابة,yes,PEN — Pens & Markers.,draft,
PENTEL PER BLACK,,0,4902506070463,أدوات الكتابة,yes,PENTEL PER BLACK — Pens & Markers.,draft,
PENTEL PER RED,,0,4902506070470,أدوات الكتابة,yes,PENTEL PER RED — Pens & Markers.,draft,
PENTEL PER BLUE,,0,4902506070487,أدوات الكتابة,yes,PENTEL PER BLUE — Pens & Markers.,draft,
PENTEL PER GREEN,,0,4902506070494,أدوات الكتابة,yes,PENTEL PER GREEN — Pens & Markers.,draft,
W/B BLACK PENTEL,,0,4902506074782,أدوات الكتابة,yes,W/B BLACK PENTEL — Pens & Markers.,draft,
PUSH PEN 23MM,,0,6921734900210,أدوات الكتابة,yes,PUSH PEN 23MM — Pens & Markers.,draft,
PEN PACKET,,0,8904054778200,أدوات الكتابة,yes,PEN PACKET — Pens & Markers.,draft,
PEN P[ACKET,,0,8904054779320,أدوات الكتابة,yes,PEN P[ACKET — Pens & Markers.,draft,
PEN,,0,8907430002869,أدوات الكتابة,yes,PEN — Pens & Markers.,draft,
PEN,,0,8907430023772,أدوات الكتابة,yes,PEN — Pens & Markers.,draft,
T PEN,,0,T PEN,أدوات الكتابة,yes,T PEN — Pens & Markers.,draft,
BIC Blue Pen,,0,3086123001060,أدوات الكتابة,yes,BIC Blue Pen — Pens & Markers.,draft,
BIC RED PEN,,0,3086123001077,أدوات الكتابة,yes,BIC RED PEN — Pens & Markers.,draft,
Faber Castell Grip Finepen 0.4 ACO 06 PERU,,0,4005401516064,أدوات الكتابة,yes,Faber Castell Grip Finepen 0.4 ACO 06 PERU — Pens & Markers.,draft,
Faber Castell Grip Finepen 0.4 AM 07 PERU,,0,4005401516071,أدوات الكتابة,yes,Faber Castell Grip Finepen 0.4 AM 07 PERU — Pens & Markers.,draft,
Faber Castell Grip Finepen 0.4 AO 53 AN 15 PERU,,0,4005401516156,أدوات الكتابة,yes,Faber Castell Grip Finepen 0.4 AO 53 AN 15 PERU — Pens & Markers.,draft,
Faber Castell Grip Finepen 0.4 R 21 PERU,,0,4005401516217,أدوات الكتابة,yes,Faber Castell Grip Finepen 0.4 R 21 PERU — Pens & Markers.,draft,
Faber Castell Grip Finepen 0.4 CM 56 PERU,,0,4005401516262,أدوات الكتابة,yes,Faber Castell Grip Finepen 0.4 CM 56 PERU — Pens & Markers.,draft,
Faber Castell Grip Finepen 0.4 AO 53 CN29 PERU,,0,4005401516293,أدوات الكتابة,yes,Faber Castell Grip Finepen 0.4 AO 53 CN29 PERU — Pens & Markers.,draft,
Faber Castell Grip Finepen 0.4 AO 53 PERU,,0,4005401516538,أدوات الكتابة,yes,Faber Castell Grip Finepen 0.4 AO 53 PERU — Pens & Markers.,draft,
Faber Castell Grip Finepen 0.4 WV 63 PERU,,0,4005401516637,أدوات الكتابة,yes,Faber Castell Grip Finepen 0.4 WV 63 PERU — Pens & Markers.,draft,
Faber Castell Grip Finepen 0.4 VM 66 PERU,,0,4005401516668,أدوات الكتابة,yes,Faber Castell Grip Finepen 0.4 VM 66 PERU — Pens & Markers.,draft,
Faber Castell Grip Finepen 0.4 AO 53 PERU,,0,4005401516729,أدوات الكتابة,yes,Faber Castell Grip Finepen 0.4 AO 53 PERU — Pens & Markers.,draft,
Faber Castell Grip Finepen 0.4 U 80 PERU,,0,4005401516804,أدوات الكتابة,yes,Faber Castell Grip Finepen 0.4 U 80 PERU — Pens & Markers.,draft,
Faber Castell Grip Finepen 0.4 OO 82 PERU,,0,4005401516828,أدوات الكتابة,yes,Faber Castell Grip Finepen 0.4 OO 82 PERU — Pens & Markers.,draft,
Faber Castell Grip Finepen 0.4 MA 87 PERU,,0,4005401516873,أدوات الكتابة,yes,Faber Castell Grip Finepen 0.4 MA 87 PERU — Pens & Markers.,draft,
Roller,,0,4711278900027,أدوات الكتابة,yes,Roller — Pens & Markers.,draft,
PILOT HI-TECPOINT 0.7,,0,4902505154287,أدوات الكتابة,yes,PILOT HI-TECPOINT 0.7 — Pens & Markers.,draft,
PILOT SUPPER GRIP MECH. 0.5,,0,4902505154294,أدوات الكتابة,yes,PILOT SUPPER GRIP MECH. 0.5 — Pens & Markers.,draft,
PILOT SUPER GRIP MECH. PENCIL,,0,4902505154300,أدوات الكتابة,yes,PILOT SUPER GRIP MECH. PENCIL — Pens & Markers.,draft,
PILOT SUPPER GRIP MECH. 0.5,,0,4902505154317,أدوات الكتابة,yes,PILOT SUPPER GRIP MECH. 0.5 — Pens & Markers.,draft,
PILOT SUPPER GRIP MECH. 0.5,,0,4902505154324,أدوات الكتابة,yes,PILOT SUPPER GRIP MECH. 0.5 — Pens & Markers.,draft,
PILOT SUPPER GRIP MECH. 0.5,,0,4902505154331,أدوات الكتابة,yes,PILOT SUPPER GRIP MECH. 0.5 — Pens & Markers.,draft,
PILOT SUPPER GRIP MECH. 0.5,,0,4902505154348,أدوات الكتابة,yes,PILOT SUPPER GRIP MECH. 0.5 — Pens & Markers.,draft,
PILOT SUPER GRIP BPGP-10R-M,,0,4902505154881,أدوات الكتابة,yes,PILOT SUPER GRIP BPGP-10R-M — Pens & Markers.,draft,
PILOT SUPER GRIP BPGP-10R-M RED,,0,4902505154898,أدوات الكتابة,yes,PILOT SUPER GRIP BPGP-10R-M RED — Pens & Markers.,draft,
PILOT SUPER GRIP BPGP-10R-M BLUE,,0,4902505154904,أدوات الكتابة,yes,PILOT SUPER GRIP BPGP-10R-M BLUE — Pens & Markers.,draft,
PILOT MECHANICAL PENCIL 0.5mm,,0,4902505159800,أدوات الكتابة,yes,PILOT MECHANICAL PENCIL 0.5mm — Pens & Markers.,draft,
PILOT MECHANICAL PENCIL 0.5mm,,0,4902505159817,أدوات الكتابة,yes,PILOT MECHANICAL PENCIL 0.5mm — Pens & Markers.,draft,
PILOT MECHANICAL PENCIL 0.5mm,,0,4902505159824,أدوات الكتابة,yes,PILOT MECHANICAL PENCIL 0.5mm — Pens & Markers.,draft,
PILOT MECHANICAL PENCIL 0.5mm,,0,4902505159831,أدوات الكتابة,yes,PILOT MECHANICAL PENCIL 0.5mm — Pens & Markers.,draft,
PILOT MECHANICAL PENCIL 0.5mm,,0,4902505159848,أدوات الكتابة,yes,PILOT MECHANICAL PENCIL 0.5mm — Pens & Markers.,draft,
PILOT SUPER GRIP BPGP-10R-M GREEN,,0,4902505160936,أدوات الكتابة,yes,PILOT SUPER GRIP BPGP-10R-M GREEN — Pens & Markers.,draft,
PILOT SUPPER GRIP MECH. 0.5,,0,4902505160974,أدوات الكتابة,yes,PILOT SUPPER GRIP MECH. 0.5 — Pens & Markers.,draft,
PILOT G2 BL-G2-5-B BLACK 0.5,,0,4902505163104,أدوات الكتابة,yes,PILOT G2 BL-G2-5-B BLACK 0.5 — Pens & Markers.,draft,
PILOT SUPER GRIP LIGHT 0.7 BLUE,,0,4902505239694,أدوات الكتابة,yes,PILOT SUPER GRIP LIGHT 0.7 BLUE — Pens & Markers.,draft,
PILOT REXGRIP BPRG-10R-F-B,,0,4902505270574,أدوات الكتابة,yes,PILOT REXGRIP BPRG-10R-F-B — Pens & Markers.,draft,
pilot rexgrip bprg-10r-m-l,,0,4902505270697,أدوات الكتابة,yes,pilot rexgrip bprg-10r-m-l — Pens & Markers.,draft,
PILOT BXGPN-V5 EXTRA FINE 0.5 BLACK,,0,4902505279690,أدوات الكتابة,yes,PILOT BXGPN-V5 EXTRA FINE 0.5 BLACK — Pens & Markers.,draft,
PILOT BXGPN-V5 EXTRA FINE 0.5 RED,,0,4902505279706,أدوات الكتابة,yes,PILOT BXGPN-V5 EXTRA FINE 0.5 RED — Pens & Markers.,draft,
PILOT BXGPN-V5 EXTRA FINE 0.5 BLUE,,0,4902505279713,أدوات الكتابة,yes,PILOT BXGPN-V5 EXTRA FINE 0.5 BLUE — Pens & Markers.,draft,
PILOT BXGPN-V5 EXTRA FINE 0.7 BLACK,,0,4902505279775,أدوات الكتابة,yes,PILOT BXGPN-V5 EXTRA FINE 0.7 BLACK — Pens & Markers.,draft,
PILOT BXGPN-V5 EXTRA FINE 0.7 BLUE,,0,4902505279799,أدوات الكتابة,yes,PILOT BXGPN-V5 EXTRA FINE 0.7 BLUE — Pens & Markers.,draft,
PILOT BL-G6-5 0.5 G6 EXTRA FINE,,0,4902505282027,أدوات الكتابة,yes,PILOT BL-G6-5 0.5 G6 EXTRA FINE — Pens & Markers.,draft,
PILOT BL-G6-5 0.7 G6 EXTRA FINE BLUE,,0,4902505282126,أدوات الكتابة,yes,PILOT BL-G6-5 0.7 G6 EXTRA FINE BLUE — Pens & Markers.,draft,
PILOT VBALL 0.5 BLUE,,0,4902505322846,أدوات الكتابة,yes,PILOT VBALL 0.5 BLUE — Pens & Markers.,draft,
Pilot FRICTION,,0,4902505375132,أدوات الكتابة,yes,Pilot FRICTION — Pens & Markers.,draft,
PILOT MECHANICAL PENCIL 0.5mm,,0,4902505377839,أدوات الكتابة,yes,PILOT MECHANICAL PENCIL 0.5mm — Pens & Markers.,draft,
PILOT MECHANICAL PENCIL 0.5mm,,0,4902505377846,أدوات الكتابة,yes,PILOT MECHANICAL PENCIL 0.5mm — Pens & Markers.,draft,
PILOT MECHANICAL PENCIL 0.5mm,,0,4902505377860,أدوات الكتابة,yes,PILOT MECHANICAL PENCIL 0.5mm — Pens & Markers.,draft,
PILOT MECHANICAL PENCIL 0.5mm,,0,4902505377877,أدوات الكتابة,yes,PILOT MECHANICAL PENCIL 0.5mm — Pens & Markers.,draft,
pEN,,0,4902505395376,أدوات الكتابة,yes,pEN — Pens & Markers.,draft,
Pilot Pen with Erasert LIGHT BLUE,,0,4902505417405,أدوات الكتابة,yes,Pilot Pen with Erasert LIGHT BLUE — Pens & Markers.,draft,
ROCO Free Link Roller red,,0,4971516261321,أدوات الكتابة,yes,ROCO Free Link Roller red — Pens & Markers.,draft,
ROCO Free Link Roller 0.7,,0,4971516261451,أدوات الكتابة,yes,ROCO Free Link Roller 0.7 — Pens & Markers.,draft,
ROCO Free Link Roller,,0,4971516261499,أدوات الكتابة,yes,ROCO Free Link Roller — Pens & Markers.,draft,
roco single line 60 sheets notebook RQ-16452,,0,6281072011673,أدوات الكتابة,yes,roco single line 60 sheets notebook RQ-16452 — Pens & Markers.,draft,
roco single line 80 sheets notebook RQ-16453,,0,6281072011734,أدوات الكتابة,yes,roco single line 80 sheets notebook RQ-16453 — Pens & Markers.,draft,
roco 100 sheets single line notebook RQ-16454,,0,6281072011796,أدوات الكتابة,yes,roco 100 sheets single line notebook RQ-16454 — Pens & Markers.,draft,
ROCO Free Link Roller Green,,0,6281072016876,أدوات الكتابة,yes,ROCO Free Link Roller Green — Pens & Markers.,draft,
ROCO Free Link Roller Ref 0.7,,0,6281072016890,أدوات الكتابة,yes,ROCO Free Link Roller Ref 0.7 — Pens & Markers.,draft,
ROCO Free Link Roller,,0,6281072016975,أدوات الكتابة,yes,ROCO Free Link Roller — Pens & Markers.,draft,
ROCO Free Link Roller,,0,6281072017019,أدوات الكتابة,yes,ROCO Free Link Roller — Pens & Markers.,draft,
ROCO Scissores,,0,6281072040543,أدوات الكتابة,yes,ROCO Scissores — Pens & Markers.,draft,
ROCO PALL PEN 1.0 Black,,0,6281072054434,أدوات الكتابة,yes,ROCO PALL PEN 1.0 Black — Pens & Markers.,draft,
ROCO Green 1.0mm,,0,6281072054441,أدوات الكتابة,yes,ROCO Green 1.0mm — Pens & Markers.,draft,
Roco sticker pad RQ-13101S,,0,6281072065072,أدوات الكتابة,yes,Roco sticker pad RQ-13101S — Pens & Markers.,draft,
ROCO Dual Point,,0,6281072067946,أدوات الكتابة,yes,ROCO Dual Point — Pens & Markers.,draft,
ROCO Magic Color 9+1,,0,6281072067953,أدوات الكتابة,yes,ROCO Magic Color 9+1 — Pens & Markers.,draft,
ROCO Pencil Shapner,,0,6281072073060,أدوات الكتابة,yes,ROCO Pencil Shapner — Pens & Markers.,draft,
roco ????,,0,6281072074876,أدوات الكتابة,yes,roco ???? — Pens & Markers.,draft,
Magic Color 6 pens,,0,6933650900151,أدوات الكتابة,yes,Magic Color 6 pens — Pens & Markers.,draft,
BALL POINT PEN 6COLOR,,0,6941287401910,أدوات الكتابة,yes,BALL POINT PEN 6COLOR — Pens & Markers.,draft,
Glittery Pen 8pcs,,0,6953571200086,أدوات الكتابة,yes,Glittery Pen 8pcs — Pens & Markers.,draft,
Glittery 6 Pens,,0,6953571201359,أدوات الكتابة,yes,Glittery 6 Pens — Pens & Markers.,draft,
Lantu Erasable 4 Pens,,0,808001,أدوات الكتابة,yes,Lantu Erasable 4 Pens — Pens & Markers.,draft,
Roco Think & Thin 10 Water Color Pens,,0,812569008461,أدوات الكتابة,yes,Roco Think & Thin 10 Water Color Pens — Pens & Markers.,draft,
ROCO 1.0 mm RED,,0,8801006272369,أدوات الكتابة,yes,ROCO 1.0 mm RED — Pens & Markers.,draft,
ereaser pen,,0,8851429016422,أدوات الكتابة,yes,ereaser pen — Pens & Markers.,draft,
Luxor Pen 20 Pcs,,0,8901069014996,أدوات الكتابة,yes,Luxor Pen 20 Pcs — Pens & Markers.,draft,
Faber Castell Ball Pen 1423 0.7mm Blue,,0,8901180423516,أدوات الكتابة,yes,Faber Castell Ball Pen 1423 0.7mm Blue — Pens & Markers.,draft,
Faber Castell Ball Pen 1423 0.7mm Black,,0,8901180423998,أدوات الكتابة,yes,Faber Castell Ball Pen 1423 0.7mm Black — Pens & Markers.,draft,
6 Fiber Tip colouring Pens Fiber Castell,,0,8901180551066,أدوات الكتابة,yes,6 Fiber Tip colouring Pens Fiber Castell — Pens & Markers.,draft,
Flair Peach Fine Ball Pen Black,,0,8901765514738,أدوات الكتابة,yes,Flair Peach Fine Ball Pen Black — Pens & Markers.,draft,
Flair Ball Pen Red,,0,8901765514745,أدوات الكتابة,yes,Flair Ball Pen Red — Pens & Markers.,draft,
Flair Green Pen,,0,8901765514752,أدوات الكتابة,yes,Flair Green Pen — Pens & Markers.,draft,
Cello SPEED Green 1.0mm,,0,8904075248317,أدوات الكتابة,yes,Cello SPEED Green 1.0mm — Pens & Markers.,draft,
12 Sketch Pens with Extra Color Power,,0,8904101235069,أدوات الكتابة,yes,12 Sketch Pens with Extra Color Power — Pens & Markers.,draft,
cello Tri-Mate 1.0mm blue,,0,8904150313909,أدوات الكتابة,yes,cello Tri-Mate 1.0mm blue — Pens & Markers.,draft,
CELLO Pen RED,,0,8904150333907,أدوات الكتابة,yes,CELLO Pen RED — Pens & Markers.,draft,
cello B size,,0,8904158503951,أدوات الكتابة,yes,cello B size — Pens & Markers.,draft,
OXFORD MAGIC COLOUR 12 Pen,,0,8904236903765,أدوات الكتابة,yes,OXFORD MAGIC COLOUR 12 Pen — Pens & Markers.,draft,
Cello Tri-Mate 1.0mm 50 Pcs,,0,8904258503950,أدوات الكتابة,yes,Cello Tri-Mate 1.0mm 50 Pcs — Pens & Markers.,draft,
CLARO SIGMA Plus 0.7 4 Pens,,0,8907016009558,أدوات الكتابة,yes,CLARO SIGMA Plus 0.7 4 Pens — Pens & Markers.,draft,
CLARO SIGNATURE 0.7 4 Pens,,0,8907016009565,أدوات الكتابة,yes,CLARO SIGNATURE 0.7 4 Pens — Pens & Markers.,draft,
DOMS Water Colour Pens,,0,8908000034976,أدوات الكتابة,yes,DOMS Water Colour Pens — Pens & Markers.,draft,
Faber Castell Ball Pen 1423 M 1.0,,0,9556089243216,أدوات الكتابة,yes,Faber Castell Ball Pen 1423 M 1.0 — Pens & Markers.,draft,
Faber Castell BALL PEN Black 1.0,,0,9556089243995,أدوات الكتابة,yes,Faber Castell BALL PEN Black 1.0 — Pens & Markers.,draft,
NATARAJ GRIPPO F 0.7 RED PEN,,0,9900016,أدوات الكتابة,yes,NATARAJ GRIPPO F 0.7 RED PEN — Pens & Markers.,draft,
Big Pen,,0,9900017,أدوات الكتابة,yes,Big Pen — Pens & Markers.,draft,
Roco Pencil,,0,990018,أدوات الكتابة,yes,Roco Pencil — Pens & Markers.,draft,
Shrpner Pen Shape,,0,990070,أدوات الكتابة,yes,Shrpner Pen Shape — Pens & Markers.,draft,
PILOT FINE POINT BALL POINT PEN,,0,BPT-P,أدوات الكتابة,yes,PILOT FINE POINT BALL POINT PEN — Pens & Markers.,draft,
Lip stick Pen,,0,NBC0013,أدوات الكتابة,yes,Lip stick Pen — Pens & Markers.,draft,
bowling pen,,0,NBR0018,أدوات الكتابة,yes,bowling pen — Pens & Markers.,draft,
pens,,0,PENS,أدوات الكتابة,yes,pens — Pens & Markers.,draft,
PEN CASE,,0,1507224601017,أدوات الكتابة,yes,PEN CASE — Pens & Markers.,draft,
GEL PEN .07,,0,291103904423,أدوات الكتابة,yes,GEL PEN .07 — Pens & Markers.,draft,
PILOT,,0,4902505085772,أدوات الكتابة,yes,PILOT — Pens & Markers.,draft,
PILOT SCA-EFCD,,0,4902505202025,أدوات الكتابة,yes,PILOT SCA-EFCD — Pens & Markers.,draft,
PILOT BL-G3-7,,0,4902505252686,أدوات الكتابة,yes,PILOT BL-G3-7 — Pens & Markers.,draft,
PILOT BL-G6-5,,0,4902505282041,أدوات الكتابة,yes,PILOT BL-G6-5 — Pens & Markers.,draft,
ACROBALL PILOT R,,0,4902505375736,أدوات الكتابة,yes,ACROBALL PILOT R — Pens & Markers.,draft,
ACROBALL PILOT BLUE,,0,4902505375743,أدوات الكتابة,yes,ACROBALL PILOT BLUE — Pens & Markers.,draft,
PILOT CLICKER BLUE,,0,4902505395475,أدوات الكتابة,yes,PILOT CLICKER BLUE — Pens & Markers.,draft,
PILOT CLICKER RED,,0,4902505417368,أدوات الكتابة,yes,PILOT CLICKER RED — Pens & Markers.,draft,
PILOT CLICKER GREEN,,0,4902505417382,أدوات الكتابة,yes,PILOT CLICKER GREEN — Pens & Markers.,draft,
PILOT CLICKER PURPLE,,0,4902505417399,أدوات الكتابة,yes,PILOT CLICKER PURPLE — Pens & Markers.,draft,
PILOT CLICKER PINK,,0,4902505417412,أدوات الكتابة,yes,PILOT CLICKER PINK — Pens & Markers.,draft,
COLOR PENS,,0,6281139007342,أدوات الكتابة,yes,COLOR PENS — Pens & Markers.,draft,
MATHMATICAL ROLLER 80,,0,6918050751862,أدوات الكتابة,yes,MATHMATICAL ROLLER 80 — Pens & Markers.,draft,
FINELINER,,0,6925137810060,أدوات الكتابة,yes,FINELINER — Pens & Markers.,draft,
FINELINER,,0,6925137810084,أدوات الكتابة,yes,FINELINER — Pens & Markers.,draft,
FINELINER,,0,6925137815065,أدوات الكتابة,yes,FINELINER — Pens & Markers.,draft,
FINELINER,,0,6925137815089,أدوات الكتابة,yes,FINELINER — Pens & Markers.,draft,
FINELINER,,0,6925137830006,أدوات الكتابة,yes,FINELINER — Pens & Markers.,draft,
FINELINER,,0,6925137830105,أدوات الكتابة,yes,FINELINER — Pens & Markers.,draft,
FINELINER,,0,6925137831676,أدوات الكتابة,yes,FINELINER — Pens & Markers.,draft,
FINELINER,,0,6925137831829,أدوات الكتابة,yes,FINELINER — Pens & Markers.,draft,
FINELINER,,0,6925137836022,أدوات الكتابة,yes,FINELINER — Pens & Markers.,draft,
FINELINER,,0,6925137836046,أدوات الكتابة,yes,FINELINER — Pens & Markers.,draft,
FINELINER,,0,6925137836053,أدوات الكتابة,yes,FINELINER — Pens & Markers.,draft,
FINELINER,,0,6925137836060,أدوات الكتابة,yes,FINELINER — Pens & Markers.,draft,
FINELINER,,0,6925137836145,أدوات الكتابة,yes,FINELINER — Pens & Markers.,draft,
FINELINER,,0,6925137836169,أدوات الكتابة,yes,FINELINER — Pens & Markers.,draft,
FINELINER,,0,6925137836176,أدوات الكتابة,yes,FINELINER — Pens & Markers.,draft,
FINELINER,,0,6925137861116,أدوات الكتابة,yes,FINELINER — Pens & Markers.,draft,
FINELINER,,0,6925137861260,أدوات الكتابة,yes,FINELINER — Pens & Markers.,draft,
FINELINER,,0,6925137861277,أدوات الكتابة,yes,FINELINER — Pens & Markers.,draft,
FINELINER,,0,6925137864711,أدوات الكتابة,yes,FINELINER — Pens & Markers.,draft,
FINELINER,,0,6925137864735,أدوات الكتابة,yes,FINELINER — Pens & Markers.,draft,
PEN CASE,,0,6928494900054,أدوات الكتابة,yes,PEN CASE — Pens & Markers.,draft,
PEN CASE,,0,6928494900108,أدوات الكتابة,yes,PEN CASE — Pens & Markers.,draft,
CORACTION PEN,,0,6935205301512,أدوات الكتابة,yes,CORACTION PEN — Pens & Markers.,draft,
CORACTION PEN,,0,6935205301529,أدوات الكتابة,yes,CORACTION PEN — Pens & Markers.,draft,
PEN CASE,,0,6937254560834,أدوات الكتابة,yes,PEN CASE — Pens & Markers.,draft,
ERASABLE PEN SAT BASIC,,0,6939410622226,أدوات الكتابة,yes,ERASABLE PEN SAT BASIC — Pens & Markers.,draft,
PEN 5 COLOR,,0,6947503733094,أدوات الكتابة,yes,PEN 5 COLOR — Pens & Markers.,draft,
PEN CASE,,0,6950955303012,أدوات الكتابة,yes,PEN CASE — Pens & Markers.,draft,
ERASABLE PEN BASIC,,0,6970523210849,أدوات الكتابة,yes,ERASABLE PEN BASIC — Pens & Markers.,draft,
PEN,,0,836449006101,أدوات الكتابة,yes,PEN — Pens & Markers.,draft,
PENTEL AUTOMATIC PENCIL,,0,884851007704,أدوات الكتابة,yes,PENTEL AUTOMATIC PENCIL — Pens & Markers.,draft,
PENTEL AUTOMATIC PENCIL,,0,884851007766,أدوات الكتابة,yes,PENTEL AUTOMATIC PENCIL — Pens & Markers.,draft,
RADIUS RACE PEN 6PCS,,0,8904054500146,أدوات الكتابة,yes,RADIUS RACE PEN 6PCS — Pens & Markers.,draft,
RADIUS I-PEN,,0,8904054500184,أدوات الكتابة,yes,RADIUS I-PEN — Pens & Markers.,draft,
RADIUS RACE PEN 10PCS,,0,8904054500276,أدوات الكتابة,yes,RADIUS RACE PEN 10PCS — Pens & Markers.,draft,
RADIUSHAPPY PEN,,0,8904054778996,أدوات الكتابة,yes,RADIUSHAPPY PEN — Pens & Markers.,draft,
CELLO B,,0,8904228106426,أدوات الكتابة,yes,CELLO B — Pens & Markers.,draft,
PEN,,0,8906051071094,أدوات الكتابة,yes,PEN — Pens & Markers.,draft,
F/C PEN,,0,9555684617156,أدوات الكتابة,yes,F/C PEN — Pens & Markers.,draft,
FLAMINGO LIGHT PEN,,0,FLAMINGO LIGHT PEN,أدوات الكتابة,yes,FLAMINGO LIGHT PEN — Pens & Markers.,draft,
uni Ball 0.7 Green Pen,,0,4902778790199,أدوات الكتابة,yes,uni Ball 0.7 Green Pen — Pens & Markers.,draft,
ROCO BALL PEN 1428 RED,,0,6281072054458,أدوات الكتابة,yes,ROCO BALL PEN 1428 RED — Pens & Markers.,draft,
ROCO Duo Color 12 Pens,,0,6281072060749,أدوات الكتابة,yes,ROCO Duo Color 12 Pens — Pens & Markers.,draft,
ROCO Duo Color 24 Pen,,0,6281072060756,أدوات الكتابة,yes,ROCO Duo Color 24 Pen — Pens & Markers.,draft,
Cello Comfort,,0,8904158507874,أدوات الكتابة,yes,Cello Comfort — Pens & Markers.,draft,
cello Tri-Mate 10 pens,,0,8904228102404,أدوات الكتابة,yes,cello Tri-Mate 10 pens — Pens & Markers.,draft,
